true_class,pred1_name,pred1_prob,pred2_name,pred2_prob,pred3_name,pred3_prob,pred4_name,pred4_prob,pred5_name,pred5_prob
african-wildcat,lynx,0.766419,lion,0.074714,leopard,0.055076,cougar,0.030863,tiger,0.022483
african-wildcat,tabby,0.416171,Egyptian_cat,0.319108,tiger_cat,0.203470,lynx,0.026212,tiger,0.019749
african-wildcat,lynx,0.693953,lion,0.082213,cougar,0.077611,tiger,0.050850,leopard,0.035999
african-wildcat,lynx,0.582382,Egyptian_cat,0.183008,tiger_cat,0.117380,grey_fox,0.051223,tabby,0.045861
african-wildcat,Egyptian_cat,0.455924,lynx,0.169702,tabby,0.057305,grey_fox,0.053726,leopard,0.037513
african-wildcat,grey_fox,0.496290,kit_fox,0.154979,Egyptian_cat,0.138601,red_fox,0.062226,Arctic_fox,0.039290
african-wildcat,grey_fox,0.762383,kit_fox,0.113648,red_fox,0.108303,coyote,0.006170,dhole,0.006112
african-wildcat,coyote,0.223249,lynx,0.205767,timber_wolf,0.173248,Egyptian_cat,0.089675,red_wolf,0.067211
african-wildcat,coyote,0.895317,wood_rabbit,0.031465,hare,0.021916,grey_fox,0.013244,timber_wolf,0.004311
african-wildcat,lynx,0.908989,Egyptian_cat,0.058245,tiger_cat,0.025013,tabby,0.006003,grey_fox,0.001352
african-wildcat,lynx,0.684608,Egyptian_cat,0.172137,tiger_cat,0.068993,tabby,0.028665,cougar,0.018440
african-wildcat,Egyptian_cat,0.680260,lynx,0.186338,snow_leopard,0.071500,tabby,0.029982,tiger_cat,0.011356
african-wildcat,Egyptian_cat,0.341018,tabby,0.285892,tiger_cat,0.255005,lynx,0.112563,leopard,0.001448
african-wildcat,lynx,0.399781,tiger_cat,0.348589,tabby,0.111561,Egyptian_cat,0.053111,tiger,0.046318
african-wildcat,lynx,0.711532,Egyptian_cat,0.128852,tiger_cat,0.053049,tabby,0.033089,grey_fox,0.020563
african-wildcat,lynx,0.682003,grey_fox,0.124294,Egyptian_cat,0.047554,fox_squirrel,0.023760,cougar,0.018788
african-wildcat,coyote,0.399993,grey_fox,0.302104,dhole,0.094995,kit_fox,0.050614,red_fox,0.030469
african-wildcat,tiger_cat,0.464967,tabby,0.272626,Egyptian_cat,0.130905,lynx,0.087952,snow_leopard,0.010834
african-wildcat,lynx,0.365960,Egyptian_cat,0.283964,tiger_cat,0.066941,tabby,0.047153,leopard,0.043817
african-wildcat,lynx,0.354711,hartebeest,0.133631,gazelle,0.102356,coyote,0.073355,grey_fox,0.060506
african-wildcat,lynx,0.784953,tiger_cat,0.101064,Egyptian_cat,0.038529,grey_fox,0.027390,tabby,0.023295
african-wildcat,indri,0.213671,lynx,0.153909,cougar,0.074810,Madagascar_cat,0.056092,red_wolf,0.049941
african-wildcat,tiger_cat,0.509609,lynx,0.218412,Egyptian_cat,0.161641,tabby,0.101294,grey_fox,0.002336
african-wildcat,tabby,0.342036,tiger_cat,0.329695,Egyptian_cat,0.271338,lynx,0.042097,grey_fox,0.005718
african-wildcat,lynx,0.456798,grey_fox,0.419549,Egyptian_cat,0.063008,fox_squirrel,0.021536,tabby,0.011741
african-wildcat,gazelle,0.328102,hartebeest,0.325164,impala,0.055073,coyote,0.051164,zebra,0.049709
african-wildcat,Egyptian_cat,0.379591,tabby,0.358950,tiger_cat,0.198159,lynx,0.011218,plastic_bag,0.010789
african-wildcat,lynx,0.827163,tiger_cat,0.095644,tabby,0.046777,Egyptian_cat,0.014538,fox_squirrel,0.002799
african-wildcat,lynx,0.362800,grey_fox,0.343551,Egyptian_cat,0.137079,coyote,0.056873,kit_fox,0.041876
african-wildcat,lynx,0.714638,tiger_cat,0.107577,tabby,0.075298,Egyptian_cat,0.038945,grey_fox,0.034429
african-wildcat,lynx,0.749430,lion,0.061761,leopard,0.042426,tiger,0.040085,cougar,0.038640
african-wildcat,Egyptian_cat,0.659196,tiger_cat,0.254906,tabby,0.063719,lynx,0.009440,leopard,0.004956
african-wildcat,lynx,0.659876,wood_rabbit,0.112621,wallaby,0.066532,grey_fox,0.057241,red_fox,0.051896
african-wildcat,cougar,0.605700,lynx,0.256293,hyena,0.051797,snow_leopard,0.026602,lion,0.025384
african-wildcat,lynx,0.704720,tiger_cat,0.109451,Egyptian_cat,0.098847,tabby,0.058852,tiger,0.020757
african-wildcat,Egyptian_cat,0.385589,grey_fox,0.183434,lynx,0.126411,kit_fox,0.108353,wallaby,0.064540
african-wildcat,lynx,0.571414,hyena,0.118204,coyote,0.043284,red_fox,0.035831,zebra,0.035577
african-wildcat,lynx,0.763622,leopard,0.099394,snow_leopard,0.091169,Egyptian_cat,0.017419,tiger,0.006514
african-wildcat,hare,0.294609,wood_rabbit,0.274145,fox_squirrel,0.212958,wallaby,0.098728,ibex,0.053289
african-wildcat,lynx,0.346013,Egyptian_cat,0.203089,tabby,0.155442,tiger_cat,0.153149,leopard,0.090628
african-wildcat,Egyptian_cat,0.672727,tabby,0.215877,tiger_cat,0.071006,lynx,0.023860,leopard,0.001134
african-wildcat,Egyptian_cat,0.481468,lynx,0.176424,tabby,0.063593,grey_fox,0.042038,leopard,0.036704
african-wildcat,prairie_chicken,0.575959,wood_rabbit,0.061300,hare,0.057105,coyote,0.044093,hartebeest,0.034929
african-wildcat,wombat,0.289977,grey_fox,0.185630,lynx,0.049051,gazelle,0.038682,fox_squirrel,0.038160
african-wildcat,lynx,0.983196,cougar,0.010372,tiger,0.002106,tiger_cat,0.001548,wallaby,0.000501
african-wildcat,lynx,0.722592,leopard,0.076131,cheetah,0.054918,grey_fox,0.033090,Egyptian_cat,0.028921
african-wildcat,Egyptian_cat,0.750704,tiger_cat,0.167607,tabby,0.051973,leopard,0.010810,lynx,0.007769
african-wildcat,Egyptian_cat,0.631241,tabby,0.231846,tiger_cat,0.057043,lynx,0.041968,cougar,0.003798
african-wildcat,Egyptian_cat,0.462518,lynx,0.374151,tabby,0.060332,tiger_cat,0.058758,fox_squirrel,0.006968
african-wildcat,fox_squirrel,0.302105,lynx,0.288641,tiger_cat,0.190191,tabby,0.075451,Egyptian_cat,0.048592
african-wildcat,Egyptian_cat,0.450794,lynx,0.116381,hyena,0.110493,tabby,0.091353,leopard,0.049123
african-wildcat,coyote,0.869305,kit_fox,0.052725,grey_fox,0.050413,timber_wolf,0.010333,red_wolf,0.009162
african-wildcat,lynx,0.824991,Egyptian_cat,0.097027,tiger_cat,0.027135,grey_fox,0.015983,tabby,0.012615
african-wildcat,Egyptian_cat,0.591518,lynx,0.268725,tiger_cat,0.044753,tabby,0.043069,grey_fox,0.022690
african-wildcat,grey_fox,0.406460,coyote,0.130523,dhole,0.079623,red_wolf,0.054287,lynx,0.050052
african-wildcat,grey_fox,0.710480,coyote,0.233412,kit_fox,0.021343,dhole,0.013053,red_fox,0.007342
african-wildcat,lynx,0.193483,llama,0.096864,prairie_chicken,0.066046,red_fox,0.043836,ibex,0.036632
african-wildcat,lynx,0.535690,cheetah,0.126220,leopard,0.093727,grey_fox,0.071451,Egyptian_cat,0.040341
african-wildcat,lynx,0.877344,grey_fox,0.100831,Egyptian_cat,0.004358,prairie_chicken,0.004325,kit_fox,0.003794
african-wildcat,wombat,0.277149,fox_squirrel,0.252832,grey_fox,0.090314,lynx,0.075128,hare,0.032949
african-wildcat,grey_fox,0.197580,fox_squirrel,0.161614,lynx,0.146787,wood_rabbit,0.108622,red_fox,0.100794
african-wildcat,lynx,0.946756,tiger_cat,0.030476,Egyptian_cat,0.009821,tabby,0.007546,cougar,0.002151
african-wildcat,lynx,0.388581,wallaby,0.061490,tiger,0.056574,red_wolf,0.038631,tiger_cat,0.037486
african-wildcat,African_hunting_dog,0.543565,hyena,0.220556,zebra,0.111484,tiger,0.040549,dhole,0.027151
african-wildcat,lynx,0.530596,tabby,0.293762,Egyptian_cat,0.060273,tiger_cat,0.050331,snow_leopard,0.021384
african-wildcat,lynx,0.213936,coyote,0.189319,wild_boar,0.171628,timber_wolf,0.114338,hog,0.052932
african-wildcat,lynx,0.307028,Egyptian_cat,0.168542,tiger_cat,0.153834,lion,0.086697,cougar,0.073767
african-wildcat,lynx,0.646897,tiger_cat,0.114299,tabby,0.093095,grey_fox,0.059469,Egyptian_cat,0.042850
african-wildcat,lynx,0.549751,grey_fox,0.106028,tiger,0.078362,Egyptian_cat,0.070222,tiger_cat,0.035232
african-wildcat,lynx,0.287827,grey_fox,0.218724,fox_squirrel,0.108283,Egyptian_cat,0.044606,meerkat,0.042714
african-wildcat,lynx,0.711014,grey_fox,0.052998,coyote,0.048601,cheetah,0.043055,dhole,0.024749
african-wildcat,coyote,0.251810,lynx,0.162853,timber_wolf,0.128637,Egyptian_cat,0.095537,grey_fox,0.094896
african-wildcat,Egyptian_cat,0.404740,lynx,0.213542,tiger_cat,0.203948,tabby,0.085390,grey_fox,0.048710
african-wildcat,coyote,0.885786,grey_fox,0.051525,kit_fox,0.037701,red_wolf,0.011721,timber_wolf,0.008821
african-wildcat,lynx,0.457339,grey_fox,0.227193,coyote,0.115977,tiger_cat,0.088645,tabby,0.031087
african-wildcat,coyote,0.295835,red_wolf,0.201249,dhole,0.166735,dingo,0.136507,timber_wolf,0.037104
african-wildcat,lynx,0.947994,tiger_cat,0.019952,Egyptian_cat,0.018517,tabby,0.006753,fox_squirrel,0.001697
african-wildcat,Egyptian_cat,0.707249,tabby,0.133892,tiger_cat,0.102189,lynx,0.041357,tiger,0.005788
african-wildcat,timber_wolf,0.492678,coyote,0.164740,ibex,0.074917,red_wolf,0.074373,bighorn,0.035929
african-wildcat,leopard,0.363032,snow_leopard,0.248449,tabby,0.108299,tiger_cat,0.103647,tiger,0.050894
african-wildcat,wallaby,0.464034,lion,0.071011,gazelle,0.040432,mongoose,0.040207,ibex,0.035063
african-wildcat,lynx,0.404370,leopard,0.111763,cheetah,0.097527,tiger,0.073926,Egyptian_cat,0.060240
african-wildcat,ibex,0.462615,lynx,0.114804,coyote,0.099127,gazelle,0.083388,hare,0.052875
african-wildcat,lynx,0.777409,wallaby,0.081279,Egyptian_cat,0.031142,grey_fox,0.030049,hare,0.014879
african-wildcat,lynx,0.776360,tiger_cat,0.066005,leopard,0.041002,Egyptian_cat,0.026403,grey_fox,0.023745
african-wildcat,lynx,0.664020,leopard,0.225908,cheetah,0.032183,tiger,0.015466,lion,0.012443
african-wildcat,Egyptian_cat,0.337910,lynx,0.275775,tiger_cat,0.155002,tabby,0.097189,lion,0.043369
african-wildcat,hare,0.352362,wood_rabbit,0.306043,grey_fox,0.220159,wallaby,0.053435,coyote,0.020562
african-wildcat,lynx,0.546420,hyena,0.151207,coyote,0.050839,Egyptian_cat,0.039501,tiger_cat,0.030703
african-wildcat,grey_fox,0.362202,lynx,0.289631,dhole,0.044266,Egyptian_cat,0.043309,coyote,0.034286
african-wildcat,Egyptian_cat,0.525735,tabby,0.115486,lynx,0.092679,tiger_cat,0.066586,fox_squirrel,0.045764
blackfoot-cat,Egyptian_cat,0.360802,tiger_cat,0.145660,jaguar,0.141587,tiger,0.096455,lynx,0.065513
blackfoot-cat,jaguar,0.171227,tabby,0.119806,Egyptian_cat,0.080191,whiptail,0.073536,lynx,0.065340
blackfoot-cat,jaguar,0.261981,leopard,0.084191,tiger_cat,0.076308,snow_leopard,0.071941,tiger,0.047888
blackfoot-cat,lynx,0.439253,Egyptian_cat,0.161002,tabby,0.118137,leopard,0.091926,tiger_cat,0.077219
blackfoot-cat,tabby,0.312753,Egyptian_cat,0.212880,leopard,0.119677,tiger_cat,0.105634,tiger,0.074079
blackfoot-cat,cheetah,0.398380,lynx,0.373105,leopard,0.124496,wood_rabbit,0.028529,snow_leopard,0.018083
blackfoot-cat,lynx,0.220806,tabby,0.156677,Egyptian_cat,0.093178,leopard,0.089521,jaguar,0.076458
blackfoot-cat,Egyptian_cat,0.326458,tabby,0.189365,leopard,0.165525,snow_leopard,0.131705,lynx,0.080542
blackfoot-cat,leopard,0.304285,lynx,0.229881,tiger_cat,0.151135,tabby,0.099542,jaguar,0.079650
blackfoot-cat,leopard,0.410045,lynx,0.248323,jaguar,0.133382,Egyptian_cat,0.038605,tiger_cat,0.037510
blackfoot-cat,jaguar,0.284135,leopard,0.242564,hyena,0.231647,cheetah,0.105672,snow_leopard,0.046337
blackfoot-cat,tiger_cat,0.385982,Egyptian_cat,0.234624,tiger,0.182486,lynx,0.042752,tabby,0.041028
blackfoot-cat,leopard,0.173075,snow_leopard,0.139010,cheetah,0.128425,whiptail,0.092709,hyena,0.089026
blackfoot-cat,tiger_cat,0.221396,tabby,0.170115,Egyptian_cat,0.156460,jaguar,0.141187,lynx,0.129316
blackfoot-cat,tiger,0.555670,tiger_cat,0.337269,lynx,0.053014,leopard,0.025967,jaguar,0.013778
blackfoot-cat,snow_leopard,0.215685,leopard,0.208570,jaguar,0.191498,Egyptian_cat,0.149185,lynx,0.095360
blackfoot-cat,tabby,0.257137,tiger_cat,0.255602,Egyptian_cat,0.110854,lynx,0.105331,leopard,0.076150
blackfoot-cat,tiger_cat,0.446113,tabby,0.184846,lynx,0.176743,Egyptian_cat,0.082866,tiger,0.050604
blackfoot-cat,lynx,0.557191,tiger_cat,0.129333,tabby,0.106755,tiger,0.081053,leopard,0.040843
blackfoot-cat,tiger_cat,0.154262,leopard,0.152826,Egyptian_cat,0.141358,tabby,0.126379,lynx,0.111064
blackfoot-cat,tabby,0.234727,Egyptian_cat,0.208004,snow_leopard,0.169226,lynx,0.154662,tiger_cat,0.083703
blackfoot-cat,leopard,0.429545,lynx,0.199450,Egyptian_cat,0.126647,jaguar,0.079752,cheetah,0.029227
blackfoot-cat,leopard,0.432523,cheetah,0.266398,snow_leopard,0.159558,jaguar,0.063809,hyena,0.036766
blackfoot-cat,tiger_cat,0.405575,tabby,0.323240,tiger,0.102995,Egyptian_cat,0.059527,leopard,0.035887
blackfoot-cat,snow_leopard,0.388373,leopard,0.217530,jaguar,0.196345,tiger,0.106568,Egyptian_cat,0.016593
blackfoot-cat,tiger,0.245968,shield,0.232470,tiger_cat,0.107606,leopard,0.055378,toilet_seat,0.041578
blackfoot-cat,tiger_cat,0.374641,tabby,0.304115,Egyptian_cat,0.093147,jigsaw_puzzle,0.045331,tiger,0.027122
blackfoot-cat,Egyptian_cat,0.286839,lynx,0.264736,tiger_cat,0.142125,tabby,0.130165,leopard,0.042943
blackfoot-cat,lynx,0.835437,leopard,0.068667,tabby,0.039973,Egyptian_cat,0.019474,cheetah,0.018109
blackfoot-cat,Egyptian_cat,0.554818,tabby,0.217208,tiger_cat,0.098697,lynx,0.087963,leopard,0.008097
blackfoot-cat,lynx,0.442235,tabby,0.209695,tiger_cat,0.092548,leopard,0.089372,tiger,0.071158
blackfoot-cat,Egyptian_cat,0.371158,leopard,0.256097,snow_leopard,0.180067,jaguar,0.053625,tabby,0.026687
blackfoot-cat,leopard,0.520557,jaguar,0.190117,cheetah,0.147139,lynx,0.046238,snow_leopard,0.035786
blackfoot-cat,hyena,0.339037,cheetah,0.229853,tabby,0.082210,Egyptian_cat,0.076551,zebra,0.051657
blackfoot-cat,cheetah,0.247256,tiger,0.239677,hyena,0.122181,leopard,0.089234,jaguar,0.064599
blackfoot-cat,tiger,0.301957,jaguar,0.237788,hog,0.110167,leopard,0.081313,hyena,0.052897
blackfoot-cat,lynx,0.369298,leopard,0.324522,jaguar,0.092213,snow_leopard,0.078853,Egyptian_cat,0.073146
blackfoot-cat,leopard,0.468309,jaguar,0.334363,cheetah,0.161190,tiger,0.014251,zebra,0.005693
blackfoot-cat,tabby,0.855117,tiger_cat,0.105859,Egyptian_cat,0.034641,lynx,0.001687,tiger,0.000780
blackfoot-cat,leopard,0.375642,Egyptian_cat,0.294234,jaguar,0.111405,lynx,0.091499,snow_leopard,0.082342
blackfoot-cat,leopard,0.622866,lynx,0.127243,jaguar,0.083757,cheetah,0.054717,Egyptian_cat,0.033373
blackfoot-cat,lynx,0.343895,Egyptian_cat,0.251647,tabby,0.199516,tiger_cat,0.074506,leopard,0.054289
blackfoot-cat,lynx,0.368762,leopard,0.146695,jaguar,0.145768,cheetah,0.106829,Egyptian_cat,0.079579
blackfoot-cat,tabby,0.455361,tiger_cat,0.178424,Egyptian_cat,0.162928,lynx,0.058172,hyena,0.043434
blackfoot-cat,tiger,0.430374,tiger_cat,0.246678,Egyptian_cat,0.116273,tabby,0.084456,jaguar,0.056166
blackfoot-cat,jaguar,0.264286,leopard,0.154997,fur_coat,0.064991,cheetah,0.050653,tabby,0.033458
blackfoot-cat,tabby,0.375807,Egyptian_cat,0.247001,tiger_cat,0.139998,lynx,0.085272,tiger,0.058274
blackfoot-cat,tiger,0.311052,tiger_cat,0.210973,jaguar,0.162053,Egyptian_cat,0.096625,leopard,0.051462
blackfoot-cat,tiger,0.336117,hyena,0.163566,hog,0.144601,jaguar,0.129602,leopard,0.035099
blackfoot-cat,tiger_cat,0.555386,tabby,0.187465,tiger,0.116692,lynx,0.085958,Egyptian_cat,0.025499
blackfoot-cat,leopard,0.344613,lynx,0.193230,jaguar,0.128396,tiger,0.084606,snow_leopard,0.084266
blackfoot-cat,lynx,0.300209,tiger_cat,0.205382,tiger,0.124313,Egyptian_cat,0.088260,tabby,0.083653
blackfoot-cat,tabby,0.895542,tiger_cat,0.084024,lynx,0.006968,Egyptian_cat,0.005977,Persian_cat,0.001673
blackfoot-cat,Egyptian_cat,0.420677,tabby,0.120822,leopard,0.104953,jaguar,0.101189,tiger_cat,0.100366
blackfoot-cat,leopard,0.172827,tabby,0.155878,Egyptian_cat,0.139370,cheetah,0.120014,tiger,0.119032
blackfoot-cat,tabby,0.319240,tiger_cat,0.261154,Egyptian_cat,0.179724,lynx,0.100433,snow_leopard,0.049617
blackfoot-cat,lynx,0.511396,leopard,0.139205,Egyptian_cat,0.113170,snow_leopard,0.051168,jaguar,0.039185
blackfoot-cat,Egyptian_cat,0.312844,leopard,0.259094,lynx,0.177739,jaguar,0.119617,tabby,0.044278
blackfoot-cat,Egyptian_cat,0.423478,tabby,0.410038,tiger_cat,0.082566,lynx,0.034246,jaguar,0.016523
blackfoot-cat,tiger,0.470823,tiger_cat,0.255537,Egyptian_cat,0.098960,tabby,0.077804,jaguar,0.040220
blackfoot-cat,tiger_cat,0.423837,tabby,0.208472,lynx,0.140745,tiger,0.139140,jaguar,0.027061
blackfoot-cat,lynx,0.874033,leopard,0.076662,tabby,0.013909,snow_leopard,0.011310,tiger_cat,0.008534
blackfoot-cat,Egyptian_cat,0.238411,lynx,0.171401,leopard,0.133603,jaguar,0.119545,cheetah,0.088479
blackfoot-cat,leopard,0.630109,tiger,0.110959,cheetah,0.069302,lynx,0.051965,Egyptian_cat,0.026858
blackfoot-cat,lynx,0.610861,leopard,0.175759,tabby,0.060728,tiger_cat,0.057218,tiger,0.041566
blackfoot-cat,tiger_cat,0.567540,tabby,0.421170,Egyptian_cat,0.010025,lynx,0.000757,tiger,0.000101
blackfoot-cat,hyena,0.800656,cheetah,0.136512,African_hunting_dog,0.044207,leopard,0.010377,hog,0.003482
blackfoot-cat,tabby,0.439989,lynx,0.319726,tiger_cat,0.086124,leopard,0.037856,Egyptian_cat,0.035762
blackfoot-cat,lynx,0.702906,leopard,0.108388,hyena,0.071911,cheetah,0.043142,snow_leopard,0.026537
blackfoot-cat,tabby,0.379970,Egyptian_cat,0.259530,lynx,0.223691,tiger_cat,0.083097,leopard,0.022510
blackfoot-cat,lynx,0.472827,leopard,0.287346,jaguar,0.058063,tabby,0.056686,Egyptian_cat,0.031887
blackfoot-cat,tabby,0.418196,tiger_cat,0.370534,Egyptian_cat,0.111409,tiger,0.045017,lynx,0.015005
blackfoot-cat,leopard,0.218747,jaguar,0.152573,terrapin,0.103337,leatherback_turtle,0.093642,snow_leopard,0.084534
blackfoot-cat,tiger,0.471580,lynx,0.215290,tiger_cat,0.103585,leopard,0.100051,tabby,0.036260
blackfoot-cat,lynx,0.374153,leopard,0.235021,snow_leopard,0.126841,tabby,0.092232,jaguar,0.054352
blackfoot-cat,lynx,0.190293,leopard,0.155759,tabby,0.133450,snow_leopard,0.128761,whiptail,0.054401
blackfoot-cat,lynx,0.575187,leopard,0.205721,jaguar,0.074522,tabby,0.037620,Egyptian_cat,0.029416
blackfoot-cat,lynx,0.234903,leopard,0.211777,tiger,0.135290,tiger_cat,0.078275,jaguar,0.077722
blackfoot-cat,leopard,0.512847,lynx,0.141972,jaguar,0.133996,cheetah,0.094602,snow_leopard,0.044064
chinese-mountain-cat,hyena,0.913054,coyote,0.033362,dhole,0.029890,cheetah,0.010597,bighorn,0.004443
chinese-mountain-cat,lynx,0.860308,wallaby,0.047868,ibex,0.025335,coyote,0.017452,hare,0.010330
chinese-mountain-cat,lynx,0.284517,corn,0.167383,lion,0.116559,wombat,0.115796,tiger_cat,0.080339
chinese-mountain-cat,coyote,0.886645,red_wolf,0.057252,grey_fox,0.018419,kit_fox,0.012728,lynx,0.006561
chinese-mountain-cat,lynx,0.963370,hyena,0.021432,cougar,0.009020,lion,0.001945,red_fox,0.001675
chinese-mountain-cat,hare,0.439859,lynx,0.225838,wood_rabbit,0.174344,coyote,0.059251,marmot,0.016567
chinese-mountain-cat,tabby,0.255573,doormat,0.196247,lynx,0.175189,tiger_cat,0.119659,wombat,0.031244
chinese-mountain-cat,kit_fox,0.351635,wallaby,0.227845,wood_rabbit,0.110308,coyote,0.108571,hare,0.079858
chinese-mountain-cat,lynx,0.516033,coyote,0.460344,grey_fox,0.010676,timber_wolf,0.005705,wallaby,0.001533
chinese-mountain-cat,lynx,0.899861,tiger_cat,0.043371,tabby,0.019911,cougar,0.016430,lion,0.007934
chinese-mountain-cat,mongoose,0.437566,wallaby,0.185734,hare,0.140412,weasel,0.071998,wood_rabbit,0.053566
chinese-mountain-cat,wallaby,0.690080,lynx,0.170873,wood_rabbit,0.042147,coyote,0.039546,hare,0.007449
chinese-mountain-cat,lynx,0.860308,wallaby,0.047868,ibex,0.025335,coyote,0.017452,hare,0.010330
chinese-mountain-cat,shopping_basket,0.860317,hamper,0.042363,tabby,0.015970,lynx,0.009326,computer_keyboard,0.008028
chinese-mountain-cat,lynx,0.877609,tiger_cat,0.054073,cougar,0.027841,tabby,0.009302,lion,0.007352
chinese-mountain-cat,lynx,0.493204,cougar,0.148135,tiger,0.102729,tiger_cat,0.097180,tabby,0.042795
chinese-mountain-cat,cougar,0.396129,lynx,0.337948,tiger_cat,0.118578,Egyptian_cat,0.066893,tabby,0.020340
chinese-mountain-cat,wood_rabbit,0.837991,hare,0.159851,wallaby,0.000997,fox_squirrel,0.000725,lynx,0.000194
chinese-mountain-cat,tabby,0.356039,lynx,0.139472,doormat,0.121995,tiger_cat,0.079254,Egyptian_cat,0.030138
chinese-mountain-cat,window_screen,0.592315,fox_squirrel,0.075459,Madagascar_cat,0.069242,wallaby,0.045877,lynx,0.032786
chinese-mountain-cat,lynx,0.453354,red_fox,0.180733,kit_fox,0.153944,cheetah,0.081818,grey_fox,0.044072
chinese-mountain-cat,lynx,0.978706,tiger_cat,0.007497,tabby,0.004344,lion,0.003946,Egyptian_cat,0.001007
chinese-mountain-cat,tabby,0.455116,Egyptian_cat,0.236110,tiger_cat,0.186265,lynx,0.114018,window_screen,0.003795
chinese-mountain-cat,lynx,0.372421,wombat,0.366748,wood_rabbit,0.047381,hare,0.042499,tabby,0.017847
chinese-mountain-cat,lynx,0.901737,tabby,0.024323,Egyptian_cat,0.014023,tiger_cat,0.011150,horned_viper,0.008099
chinese-mountain-cat,lynx,0.976881,tiger_cat,0.009075,tabby,0.004709,lion,0.002332,Egyptian_cat,0.001351
chinese-mountain-cat,lynx,0.568215,tiger_cat,0.171377,tabby,0.108257,Egyptian_cat,0.100769,window_screen,0.022207
chinese-mountain-cat,lynx,0.976228,lion,0.012115,cougar,0.002159,wood_rabbit,0.001409,tiger_cat,0.001397
chinese-mountain-cat,lynx,0.680945,tiger_cat,0.195800,lion,0.071617,tabby,0.018486,Egyptian_cat,0.016349
chinese-mountain-cat,hare,0.315307,llama,0.109242,baboon,0.096774,ibex,0.077207,bighorn,0.035010
chinese-mountain-cat,lynx,0.929245,lion,0.053245,cheetah,0.002333,wood_rabbit,0.001966,tiger_cat,0.001692
chinese-mountain-cat,lynx,0.453240,marmoset,0.131037,window_screen,0.067411,wallaby,0.032904,tiger_cat,0.032031
chinese-mountain-cat,wood_rabbit,0.896157,hare,0.090562,fox_squirrel,0.007267,lynx,0.004674,wallaby,0.000468
chinese-mountain-cat,tiger_cat,0.394187,tiger,0.213363,tabby,0.177250,Egyptian_cat,0.071237,lynx,0.042941
chinese-mountain-cat,lynx,0.910304,tabby,0.023451,snow_leopard,0.016943,tiger_cat,0.015074,wood_rabbit,0.006130
chinese-mountain-cat,lynx,0.987263,tiger_cat,0.004723,lion,0.003656,tabby,0.001590,doormat,0.000897
chinese-mountain-cat,lynx,0.372976,bolete,0.250594,red_fox,0.163713,dhole,0.033884,lion,0.024623
chinese-mountain-cat,lynx,0.939439,tabby,0.015216,tiger_cat,0.012479,Egyptian_cat,0.010365,lion,0.005461
chinese-mountain-cat,lynx,0.921565,leopard,0.031926,snow_leopard,0.021874,cheetah,0.008785,Egyptian_cat,0.002365
chinese-mountain-cat,coyote,0.870867,wood_rabbit,0.054607,hare,0.016522,Cardigan,0.007409,Norwich_terrier,0.007044
chinese-mountain-cat,tiger_cat,0.263457,Egyptian_cat,0.234190,tabby,0.159779,lynx,0.146627,tiger,0.125228
chinese-mountain-cat,tabby,0.258964,doormat,0.160022,carton,0.075399,shower_curtain,0.052446,crate,0.051912
domestic-cat,tiger_cat,0.847230,tiger,0.072341,lynx,0.036812,tabby,0.020804,Egyptian_cat,0.006483
domestic-cat,tabby,0.487947,Egyptian_cat,0.289295,tiger_cat,0.174390,tiger,0.035348,lynx,0.008412
domestic-cat,tiger_cat,0.527264,tabby,0.456532,Egyptian_cat,0.003851,lynx,0.000920,tiger,0.000778
domestic-cat,indri,0.440651,Border_collie,0.102599,Egyptian_cat,0.060214,skunk,0.053806,Madagascar_cat,0.042191
domestic-cat,lynx,0.672955,tabby,0.120238,Egyptian_cat,0.096673,tiger_cat,0.083849,coyote,0.004747
domestic-cat,tabby,0.515889,tiger_cat,0.235350,lynx,0.166996,Egyptian_cat,0.065955,grey_fox,0.002267
domestic-cat,tabby,0.636795,tiger_cat,0.322900,Egyptian_cat,0.036688,lynx,0.000607,tiger,0.000480
domestic-cat,Egyptian_cat,0.546394,tabby,0.239497,tiger_cat,0.041781,Persian_cat,0.023388,lynx,0.015422
domestic-cat,lynx,0.346066,tabby,0.225256,tiger_cat,0.210253,Egyptian_cat,0.188680,tiger,0.017034
domestic-cat,Egyptian_cat,0.921667,tabby,0.040372,tiger_cat,0.009594,lynx,0.006176,basenji,0.002284
domestic-cat,Egyptian_cat,0.885316,tabby,0.096220,tiger_cat,0.015298,lynx,0.002127,plastic_bag,0.000252
domestic-cat,grey_fox,0.401082,fox_squirrel,0.208025,lynx,0.083209,wallaby,0.074320,wombat,0.049980
domestic-cat,Egyptian_cat,0.491229,tabby,0.332250,tiger_cat,0.124077,lynx,0.046081,plastic_bag,0.000796
domestic-cat,lynx,0.572321,leopard,0.201401,hyena,0.082888,snow_leopard,0.068321,Bouvier_des_Flandres,0.018211
domestic-cat,dingo,0.691984,red_fox,0.041080,cougar,0.038796,lion,0.032351,hyena,0.030343
domestic-cat,Egyptian_cat,0.379032,tiger_cat,0.203734,tabby,0.196260,hamper,0.035212,lynx,0.025314
domestic-cat,tiger_cat,0.394870,tabby,0.262975,Egyptian_cat,0.195581,lynx,0.130067,tiger,0.008635
domestic-cat,lynx,0.475631,fox_squirrel,0.197476,Egyptian_cat,0.120529,hare,0.078469,tabby,0.056415
domestic-cat,fox_squirrel,0.077708,lynx,0.065162,tabby,0.062448,patas,0.061320,Egyptian_cat,0.058946
domestic-cat,tabby,0.552083,tiger_cat,0.196573,lynx,0.149475,Egyptian_cat,0.073516,grey_fox,0.003893
domestic-cat,Egyptian_cat,0.771719,tiger_cat,0.092432,tabby,0.091321,wood_rabbit,0.017307,lynx,0.007635
domestic-cat,tiger_cat,0.755175,tabby,0.231983,Egyptian_cat,0.011244,lynx,0.000782,plastic_bag,0.000356
domestic-cat,tiger_cat,0.505606,tabby,0.293614,Egyptian_cat,0.081431,lynx,0.052670,tiger,0.010722
domestic-cat,tabby,0.611941,tiger_cat,0.190204,Egyptian_cat,0.154720,lynx,0.023908,tiger,0.003910
domestic-cat,tiger_cat,0.412126,tabby,0.331509,Egyptian_cat,0.224795,lynx,0.025737,tiger,0.000941
domestic-cat,hare,0.333222,wood_rabbit,0.190021,timber_wolf,0.090569,lynx,0.047510,tiger,0.032181
domestic-cat,Egyptian_cat,0.746216,lynx,0.156280,tabby,0.056433,tiger_cat,0.037733,cougar,0.000376
domestic-cat,tabby,0.702381,tiger_cat,0.277290,Egyptian_cat,0.016751,tiger,0.001752,lynx,0.000749
domestic-cat,lynx,0.821060,tiger_cat,0.107307,tabby,0.036154,Egyptian_cat,0.020114,tiger,0.004352
domestic-cat,tabby,0.606913,tiger_cat,0.223977,lynx,0.081602,Egyptian_cat,0.071989,grey_fox,0.001715
domestic-cat,lynx,0.395175,tabby,0.149312,tiger_cat,0.119051,wombat,0.071616,lion,0.061645
domestic-cat,great_grey_owl,0.976846,ringlet,0.006362,indri,0.006034,fox_squirrel,0.004277,African_grey,0.001582
domestic-cat,crate,0.106938,file,0.087826,collie,0.054486,malamute,0.051528,Border_collie,0.047225
domestic-cat,Egyptian_cat,0.704902,lynx,0.184259,tiger_cat,0.044813,tabby,0.033557,grey_fox,0.015726
domestic-cat,tiger_cat,0.404650,Egyptian_cat,0.340104,tabby,0.101352,plastic_bag,0.018462,window_screen,0.008803
domestic-cat,Egyptian_cat,0.502057,tiger_cat,0.327991,tabby,0.095819,lynx,0.045695,grey_fox,0.010837
domestic-cat,Egyptian_cat,0.913896,tabby,0.046774,tiger_cat,0.013942,lynx,0.008462,snow_leopard,0.002037
domestic-cat,tabby,0.823482,tiger_cat,0.110439,Egyptian_cat,0.063703,lynx,0.001249,paper_towel,0.000108
domestic-cat,Egyptian_cat,0.552261,tabby,0.101287,grey_fox,0.058948,lynx,0.033103,red_fox,0.030771
domestic-cat,tabby,0.382888,lynx,0.347505,tiger_cat,0.186193,Egyptian_cat,0.017207,tiger,0.015219
domestic-cat,Egyptian_cat,0.190822,tabby,0.188928,timber_wolf,0.145673,lynx,0.084612,grey_fox,0.052691
domestic-cat,Chihuahua,0.315382,Siamese_cat,0.305034,tabby,0.111308,West_Highland_white_terrier,0.035233,Egyptian_cat,0.033165
domestic-cat,Egyptian_cat,0.306496,tabby,0.181040,lynx,0.178818,wood_rabbit,0.113885,hare,0.092364
domestic-cat,Egyptian_cat,0.731593,tabby,0.128954,tiger_cat,0.067599,lynx,0.052547,tiger,0.002253
domestic-cat,lynx,0.243934,coyote,0.195281,wild_boar,0.155919,timber_wolf,0.114558,hog,0.051048
domestic-cat,tabby,0.765024,tiger_cat,0.119891,Egyptian_cat,0.043645,lynx,0.042002,tiger,0.022754
domestic-cat,tiger_cat,0.529765,tabby,0.239221,Egyptian_cat,0.112263,tiger,0.014913,banded_gecko,0.007726
domestic-cat,tabby,0.373302,Egyptian_cat,0.370188,tiger_cat,0.197607,plastic_bag,0.010715,lynx,0.010641
domestic-cat,Egyptian_cat,0.496307,tabby,0.421222,tiger_cat,0.068208,lynx,0.008486,tiger,0.003737
domestic-cat,tiger_cat,0.489446,tabby,0.238307,Egyptian_cat,0.165551,tiger,0.019502,leopard,0.007931
domestic-cat,lynx,0.405082,cougar,0.116398,red_fox,0.082985,ibex,0.076686,grey_fox,0.074229
domestic-cat,Egyptian_cat,0.401312,lynx,0.211570,tiger_cat,0.115730,tabby,0.065507,cougar,0.040932
domestic-cat,tiger_cat,0.627359,tabby,0.234284,lynx,0.078378,Egyptian_cat,0.045960,tiger,0.001589
domestic-cat,Arctic_fox,0.208031,coyote,0.094144,timber_wolf,0.090219,warthog,0.077746,hyena,0.064596
domestic-cat,tiger_cat,0.611993,Egyptian_cat,0.158543,tabby,0.127952,lynx,0.081807,tiger,0.008325
domestic-cat,tabby,0.863930,Egyptian_cat,0.083755,tiger_cat,0.035741,web_site,0.003411,lynx,0.000922
domestic-cat,wallaby,0.642462,timber_wolf,0.041922,prairie_chicken,0.036942,wood_rabbit,0.033900,coyote,0.032927
domestic-cat,hyena,0.606856,tiger,0.135785,African_hunting_dog,0.098571,whippet,0.031685,zebra,0.027268
domestic-cat,tiger_cat,0.361237,tabby,0.305675,Egyptian_cat,0.246757,lynx,0.082345,tiger,0.000424
domestic-cat,Egyptian_cat,0.341019,tabby,0.325610,tiger_cat,0.284073,plastic_bag,0.008372,lynx,0.007671
domestic-cat,Egyptian_cat,0.202702,Ibizan_hound,0.129993,tiger_cat,0.127562,basenji,0.045724,tabby,0.041522
domestic-cat,white_wolf,0.405961,Persian_cat,0.361998,Arctic_fox,0.042968,lynx,0.042225,red_fox,0.033874
domestic-cat,Egyptian_cat,0.463420,tabby,0.259795,tiger_cat,0.197184,lynx,0.072738,plastic_bag,0.000865
domestic-cat,lynx,0.536049,Egyptian_cat,0.132449,cougar,0.127171,tabby,0.025763,tiger_cat,0.025344
european-wildcat,tiger_cat,0.580387,tabby,0.376899,Egyptian_cat,0.015920,lynx,0.014500,leopard,0.002213
european-wildcat,cheetah,0.429770,lion,0.247806,leopard,0.158331,lynx,0.070583,tiger,0.043440
european-wildcat,tiger_cat,0.483882,tabby,0.231712,Egyptian_cat,0.103819,lynx,0.026063,leopard,0.015618
european-wildcat,hare,0.460557,tabby,0.137801,lynx,0.070662,wombat,0.056859,wood_rabbit,0.044970
european-wildcat,tabby,0.761691,tiger_cat,0.150121,lynx,0.070026,Egyptian_cat,0.009589,Persian_cat,0.006955
european-wildcat,lynx,0.936437,tiger_cat,0.036508,tabby,0.012719,Egyptian_cat,0.005978,hyena,0.002895
european-wildcat,lynx,0.860033,tiger_cat,0.073397,tabby,0.037941,coyote,0.008857,leopard,0.004039
european-wildcat,lynx,0.421211,leopard,0.290165,tiger_cat,0.203085,tabby,0.028134,jaguar,0.009471
european-wildcat,tiger_cat,0.575977,tabby,0.224453,Egyptian_cat,0.143203,lynx,0.044445,marmoset,0.002897
european-wildcat,lynx,0.670803,tiger_cat,0.211658,tabby,0.070539,Egyptian_cat,0.006790,leopard,0.004634
european-wildcat,wild_boar,0.198423,warthog,0.183337,timber_wolf,0.104357,coyote,0.098268,bighorn,0.088506
european-wildcat,lynx,0.322201,leopard,0.212403,tiger_cat,0.079900,cougar,0.068867,tiger,0.065794
european-wildcat,tiger_cat,0.453649,tabby,0.273045,Egyptian_cat,0.176742,lynx,0.026341,tiger,0.005441
european-wildcat,tiger_cat,0.854723,tabby,0.114981,lynx,0.022841,leopard,0.002592,tiger,0.002408
european-wildcat,lynx,0.626228,tiger_cat,0.073052,Egyptian_cat,0.072745,tabby,0.070434,grey_fox,0.027991
european-wildcat,lynx,0.987808,tiger_cat,0.004012,Egyptian_cat,0.002868,fox_squirrel,0.002364,tabby,0.000695
european-wildcat,tiger_cat,0.696267,lynx,0.172216,tabby,0.049289,tiger,0.046617,wild_boar,0.016195
european-wildcat,tiger_cat,0.530292,tabby,0.421463,Egyptian_cat,0.042056,lynx,0.001231,plastic_bag,0.000690
european-wildcat,grey_fox,0.723478,tiger_cat,0.058367,lynx,0.051265,tabby,0.047930,coyote,0.020467
european-wildcat,tiger_cat,0.610617,tabby,0.230637,lynx,0.110928,Egyptian_cat,0.021989,tiger,0.009612
european-wildcat,lynx,0.359186,tabby,0.296881,tiger_cat,0.219871,Egyptian_cat,0.054254,mink,0.008053
european-wildcat,lynx,0.419671,tiger_cat,0.204798,wombat,0.079380,Bouvier_des_Flandres,0.071337,leopard,0.034902
european-wildcat,grey_fox,0.723478,tiger_cat,0.058367,lynx,0.051265,tabby,0.047930,coyote,0.020467
european-wildcat,lynx,0.532980,tiger,0.194025,tabby,0.131818,tiger_cat,0.070769,snow_leopard,0.017627
european-wildcat,lynx,0.304900,tabby,0.254170,tiger_cat,0.202791,Egyptian_cat,0.194869,snow_leopard,0.010788
european-wildcat,lynx,0.941994,wallaby,0.020524,fox_squirrel,0.007875,grey_fox,0.006166,Egyptian_cat,0.005317
european-wildcat,leopard,0.220212,jaguar,0.114739,Madagascar_cat,0.053547,indri,0.035748,lynx,0.035700
european-wildcat,kit_fox,0.295023,wallaby,0.238132,coyote,0.160697,red_fox,0.087444,grey_fox,0.050271
european-wildcat,lynx,0.277440,hare,0.145298,tiger_cat,0.139828,wallaby,0.121017,wood_rabbit,0.048924
european-wildcat,lynx,0.967991,leopard,0.012654,cheetah,0.008804,snow_leopard,0.005073,lion,0.001611
european-wildcat,tiger_cat,0.475040,lynx,0.234413,tabby,0.117755,Egyptian_cat,0.115369,grey_fox,0.015638
european-wildcat,timber_wolf,0.370240,coyote,0.175898,bighorn,0.137466,hare,0.083589,lynx,0.052360
european-wildcat,tabby,0.706630,tiger_cat,0.265060,Egyptian_cat,0.027414,plastic_bag,0.000389,lynx,0.000135
european-wildcat,lynx,0.940719,tiger_cat,0.017411,snow_leopard,0.013430,leopard,0.009955,tabby,0.009416
european-wildcat,lynx,0.979471,tabby,0.006358,tiger_cat,0.005851,grey_fox,0.003526,Egyptian_cat,0.002501
european-wildcat,tabby,0.740514,tiger_cat,0.203784,lynx,0.045404,Egyptian_cat,0.004532,Persian_cat,0.001351
european-wildcat,lynx,0.403337,Egyptian_cat,0.246770,tabby,0.236956,tiger_cat,0.097466,snow_leopard,0.004317
european-wildcat,cheetah,0.524756,lynx,0.155158,hyena,0.122043,snow_leopard,0.076076,leopard,0.048296
european-wildcat,lynx,0.682913,tiger_cat,0.121352,tabby,0.088808,tiger,0.044465,lion,0.029323
european-wildcat,lynx,0.930984,tiger_cat,0.040998,leopard,0.009904,tabby,0.008938,tiger,0.002758
european-wildcat,lynx,0.798287,tiger_cat,0.078343,tabby,0.052375,Egyptian_cat,0.018420,snow_leopard,0.010876
european-wildcat,lynx,0.454205,Egyptian_cat,0.252059,tiger_cat,0.040890,lion,0.036896,tabby,0.035428
european-wildcat,tabby,0.469284,tiger_cat,0.356617,lynx,0.124987,Egyptian_cat,0.026985,great_grey_owl,0.004470
european-wildcat,tabby,0.569370,Egyptian_cat,0.073692,tiger_cat,0.064949,lynx,0.057357,leopard,0.011511
european-wildcat,tiger_cat,0.610617,tabby,0.230637,lynx,0.110928,Egyptian_cat,0.021989,tiger,0.009612
european-wildcat,tabby,0.523358,lynx,0.221431,tiger_cat,0.148291,Egyptian_cat,0.058089,snow_leopard,0.013899
european-wildcat,lynx,0.971845,tiger_cat,0.014678,Egyptian_cat,0.005138,tabby,0.003170,leopard,0.000896
european-wildcat,tabby,0.788832,tiger_cat,0.199402,Egyptian_cat,0.009556,cougar,0.000830,lynx,0.000422
european-wildcat,lynx,0.863215,tabby,0.041344,tiger_cat,0.019140,Egyptian_cat,0.015846,lion,0.009555
european-wildcat,tabby,0.313245,tiger_cat,0.259184,lynx,0.257805,Egyptian_cat,0.060348,tiger,0.058483
european-wildcat,indri,0.152933,lynx,0.144128,tiger,0.094208,cougar,0.076514,red_wolf,0.065885
european-wildcat,tabby,0.350079,tiger_cat,0.319292,lynx,0.248252,Egyptian_cat,0.078213,leopard,0.001254
european-wildcat,coyote,0.266394,lynx,0.237438,timber_wolf,0.118972,grey_fox,0.108390,fox_squirrel,0.031542
european-wildcat,Angora,0.483246,hare,0.166096,guinea_pig,0.074533,wood_rabbit,0.068218,hamster,0.025187
european-wildcat,lynx,0.603334,Egyptian_cat,0.093433,tabby,0.065413,grey_fox,0.032857,leopard,0.029495
european-wildcat,lynx,0.639346,grey_fox,0.154486,tiger_cat,0.054327,wallaby,0.029168,Egyptian_cat,0.020149
european-wildcat,tiger_cat,0.505517,tabby,0.379796,lynx,0.068842,Egyptian_cat,0.022278,snow_leopard,0.009617
european-wildcat,lynx,0.762240,tabby,0.100183,Egyptian_cat,0.063409,tiger_cat,0.034713,grey_fox,0.029322
european-wildcat,tabby,0.761691,tiger_cat,0.150121,lynx,0.070026,Egyptian_cat,0.009589,Persian_cat,0.006955
european-wildcat,lynx,0.598423,tiger_cat,0.187239,tabby,0.172108,Egyptian_cat,0.031350,coyote,0.001636
european-wildcat,lynx,0.860033,tiger_cat,0.073397,tabby,0.037941,coyote,0.008857,leopard,0.004039
european-wildcat,lynx,0.465830,tiger_cat,0.200630,fox_squirrel,0.093983,tabby,0.076101,Egyptian_cat,0.059421
european-wildcat,lynx,0.495700,tabby,0.254438,tiger_cat,0.171518,Egyptian_cat,0.024112,tiger,0.015206
european-wildcat,hare,0.355207,wombat,0.104775,badger,0.095984,tabby,0.083427,lynx,0.064803
european-wildcat,brown_bear,0.316107,American_black_bear,0.107927,hog,0.081907,wild_boar,0.069858,lynx,0.060837
european-wildcat,tiger_cat,0.575977,tabby,0.224453,Egyptian_cat,0.143203,lynx,0.044445,marmoset,0.002897
european-wildcat,lynx,0.941994,wallaby,0.020524,fox_squirrel,0.007875,grey_fox,0.006166,Egyptian_cat,0.005317
european-wildcat,lynx,0.883105,leopard,0.024561,tiger_cat,0.019572,great_grey_owl,0.011713,coyote,0.010319
european-wildcat,lynx,0.394724,tiger_cat,0.161146,leopard,0.157994,tabby,0.087297,Egyptian_cat,0.052551
european-wildcat,lynx,0.421967,wild_boar,0.154167,hog,0.077621,hare,0.045729,bison,0.045122
european-wildcat,lynx,0.670803,tiger_cat,0.211658,tabby,0.070539,Egyptian_cat,0.006790,leopard,0.004634
european-wildcat,tabby,0.523358,lynx,0.221431,tiger_cat,0.148291,Egyptian_cat,0.058089,snow_leopard,0.013899
european-wildcat,lynx,0.863215,tabby,0.041344,tiger_cat,0.019140,Egyptian_cat,0.015846,lion,0.009555
european-wildcat,hyena,0.700353,cheetah,0.074580,lynx,0.033316,tiger_cat,0.020500,tabby,0.015572
european-wildcat,lynx,0.626228,tiger_cat,0.073052,Egyptian_cat,0.072745,tabby,0.070434,grey_fox,0.027991
european-wildcat,lynx,0.891711,tiger_cat,0.020026,hyena,0.015048,Bouvier_des_Flandres,0.010687,Sussex_spaniel,0.007895
european-wildcat,tiger_cat,0.696267,lynx,0.172216,tabby,0.049289,tiger,0.046617,wild_boar,0.016195
european-wildcat,lynx,0.845625,tabby,0.066958,tiger_cat,0.064376,leopard,0.007179,snow_leopard,0.005113
european-wildcat,Egyptian_cat,0.299151,tiger_cat,0.292267,tabby,0.195464,lynx,0.179792,titi,0.005697
european-wildcat,lynx,0.932973,tiger_cat,0.039560,tabby,0.004943,acorn,0.002363,grey_fox,0.001539
european-wildcat,lynx,0.864068,coyote,0.030068,tiger_cat,0.015084,great_grey_owl,0.013751,wallaby,0.010369
european-wildcat,tabby,0.313245,tiger_cat,0.259184,lynx,0.257805,Egyptian_cat,0.060348,tiger,0.058483
european-wildcat,great_grey_owl,0.587606,African_crocodile,0.118146,snow_leopard,0.057119,lynx,0.044315,ptarmigan,0.029762
european-wildcat,tiger_cat,0.530292,tabby,0.421463,Egyptian_cat,0.042056,lynx,0.001231,plastic_bag,0.000690
european-wildcat,lynx,0.277440,hare,0.145298,tiger_cat,0.139828,wallaby,0.121017,wood_rabbit,0.048924
jungle-cat,lynx,0.962231,grey_fox,0.014205,cougar,0.008538,wallaby,0.003824,hare,0.003086
jungle-cat,grey_fox,0.720033,dhole,0.056500,red_fox,0.051707,lynx,0.039430,coyote,0.033114
jungle-cat,lynx,0.840546,grey_fox,0.029850,coyote,0.019635,wood_rabbit,0.019270,hare,0.017893
jungle-cat,lynx,0.531334,fox_squirrel,0.083006,wood_rabbit,0.056298,grey_fox,0.046154,Egyptian_cat,0.044567
jungle-cat,grey_fox,0.253465,Egyptian_cat,0.214834,lynx,0.131745,coyote,0.079895,kit_fox,0.074078
jungle-cat,ibex,0.407311,bighorn,0.140084,coyote,0.077203,ram,0.074076,ox,0.053066
jungle-cat,wallaby,0.832216,fox_squirrel,0.085353,grey_fox,0.061309,dhole,0.005627,kit_fox,0.004551
jungle-cat,white_wolf,0.830028,Arctic_fox,0.044504,dingo,0.027311,dhole,0.021598,coyote,0.016017
jungle-cat,grey_fox,0.681923,fox_squirrel,0.062180,coyote,0.043282,red_fox,0.038353,hare,0.024874
jungle-cat,coyote,0.783551,dhole,0.080251,dingo,0.045001,red_wolf,0.029726,lynx,0.016948
jungle-cat,book_jacket,0.220396,Arctic_fox,0.149049,Egyptian_cat,0.063305,hare,0.058333,white_wolf,0.048006
jungle-cat,lynx,0.897424,cougar,0.045867,wallaby,0.016057,grey_fox,0.008739,kit_fox,0.007108
jungle-cat,grey_fox,0.590977,kit_fox,0.256991,red_fox,0.071785,hare,0.031515,dhole,0.021105
jungle-cat,lynx,0.506023,Egyptian_cat,0.184055,tiger_cat,0.133384,tabby,0.080252,cougar,0.011710
jungle-cat,coyote,0.316701,warthog,0.174644,hare,0.136448,grey_fox,0.082395,wild_boar,0.059516
jungle-cat,wombat,0.500521,fox_squirrel,0.330681,wallaby,0.051084,hare,0.044734,wood_rabbit,0.030560
jungle-cat,wallaby,0.306271,ibex,0.175813,hare,0.121176,fox_squirrel,0.088636,lynx,0.057991
jungle-cat,grey_fox,0.370265,red_fox,0.091248,kit_fox,0.077878,hare,0.049987,red_wolf,0.046063
jungle-cat,lynx,0.630966,Egyptian_cat,0.191286,tabby,0.034584,Persian_cat,0.033081,hare,0.024969
jungle-cat,grey_fox,0.721036,kit_fox,0.056215,wallaby,0.052924,hare,0.045531,fox_squirrel,0.036760
jungle-cat,coyote,0.369564,dhole,0.366461,hare,0.133150,wood_rabbit,0.028772,grey_fox,0.028561
jungle-cat,lion,0.423317,coyote,0.233776,dhole,0.215741,lynx,0.035305,cheetah,0.021117
jungle-cat,kit_fox,0.446809,Egyptian_cat,0.170915,lynx,0.140163,red_fox,0.086514,grey_fox,0.072873
jungle-cat,lynx,0.636276,Egyptian_cat,0.066183,hare,0.060523,leopard,0.044073,wallaby,0.034593
jungle-cat,dhole,0.275974,coyote,0.274916,red_wolf,0.142226,grey_fox,0.098854,dingo,0.057749
jungle-cat,grey_fox,0.645695,kit_fox,0.270708,red_fox,0.039932,hare,0.020833,dhole,0.008231
jungle-cat,lynx,0.291587,fox_squirrel,0.085726,wallaby,0.067770,mongoose,0.059415,dingo,0.037600
jungle-cat,lynx,0.945048,cougar,0.011886,tiger_cat,0.006658,tiger,0.006598,red_fox,0.003941
jungle-cat,Egyptian_cat,0.149299,coyote,0.068855,ibex,0.067525,Saluki,0.059513,hare,0.055417
jungle-cat,hare,0.422658,red_fox,0.184791,grey_fox,0.181996,wood_rabbit,0.071181,fox_squirrel,0.036629
jungle-cat,grey_fox,0.407519,kit_fox,0.279429,Egyptian_cat,0.096485,red_fox,0.046015,lynx,0.036175
jungle-cat,lynx,0.933228,cougar,0.033938,grey_fox,0.006013,coyote,0.004561,red_fox,0.004082
jungle-cat,dhole,0.420028,grey_fox,0.212660,coyote,0.133536,red_fox,0.072778,hare,0.034868
jungle-cat,lynx,0.591066,Egyptian_cat,0.111508,grey_fox,0.076320,kit_fox,0.053488,ibex,0.024428
jungle-cat,lion,0.711718,lynx,0.148895,cougar,0.137678,ibex,0.000409,coyote,0.000337
jungle-cat,lynx,0.314880,ibex,0.237649,coyote,0.148339,wallaby,0.073225,grey_fox,0.050480
jungle-cat,fox_squirrel,0.539869,wallaby,0.087821,grey_fox,0.068989,red_wolf,0.044998,lynx,0.041376
jungle-cat,grey_fox,0.342525,lynx,0.321553,coyote,0.110667,dhole,0.036632,dingo,0.029678
jungle-cat,coyote,0.579046,dhole,0.245637,dingo,0.098880,grey_fox,0.017031,red_wolf,0.009838
jungle-cat,lion,0.322398,lynx,0.169940,tiger_cat,0.082861,Egyptian_cat,0.072824,grey_fox,0.061077
jungle-cat,mongoose,0.366571,red_fox,0.177073,grey_fox,0.160650,hare,0.089613,fox_squirrel,0.062963
jungle-cat,grey_fox,0.517720,red_fox,0.281441,kit_fox,0.140401,lynx,0.010157,coyote,0.009605
jungle-cat,lynx,0.416876,wallaby,0.161620,fox_squirrel,0.126048,grey_fox,0.093955,hare,0.051441
jungle-cat,coyote,0.389369,cougar,0.160841,dhole,0.121651,lion,0.085404,ibex,0.068619
jungle-cat,Egyptian_cat,0.552051,lynx,0.263145,snow_leopard,0.136353,leopard,0.011151,tabby,0.008565
jungle-cat,grey_fox,0.541823,lynx,0.174379,fox_squirrel,0.147533,tabby,0.052922,red_fox,0.026062
jungle-cat,coyote,0.516889,grey_fox,0.123803,lynx,0.073591,hare,0.058704,fox_squirrel,0.048501
jungle-cat,lion,0.302106,lynx,0.279914,tiger_cat,0.077119,grey_fox,0.058334,Egyptian_cat,0.046056
jungle-cat,lynx,0.850308,red_fox,0.038143,Egyptian_cat,0.023731,grey_fox,0.021056,kit_fox,0.017389
jungle-cat,lynx,0.378331,cougar,0.205102,grey_fox,0.118590,red_wolf,0.052149,wallaby,0.042717
jungle-cat,lynx,0.708171,coyote,0.083105,grey_fox,0.068480,dhole,0.023213,kit_fox,0.022474
jungle-cat,grey_fox,0.639905,kit_fox,0.261977,hare,0.041795,red_fox,0.033748,wallaby,0.005516
jungle-cat,lynx,0.350001,Egyptian_cat,0.224046,tiger_cat,0.137546,grey_fox,0.125455,tabby,0.029176
jungle-cat,lynx,0.678305,tiger_cat,0.251223,Egyptian_cat,0.025200,tabby,0.022466,grey_fox,0.011019
jungle-cat,kit_fox,0.425437,red_fox,0.247598,grey_fox,0.202411,Egyptian_cat,0.032847,dhole,0.031203
jungle-cat,lynx,0.547906,tabby,0.119415,tiger_cat,0.117203,Egyptian_cat,0.047618,grey_fox,0.032686
jungle-cat,grey_fox,0.642278,Egyptian_cat,0.087982,tabby,0.070647,lynx,0.053660,wallaby,0.049277
jungle-cat,coyote,0.485801,grey_fox,0.341745,lynx,0.132344,red_wolf,0.015779,hare,0.005701
jungle-cat,lynx,0.165880,coyote,0.118608,grey_fox,0.104510,timber_wolf,0.057099,cougar,0.045206
jungle-cat,lynx,0.237931,tiger_cat,0.157224,fox_squirrel,0.103042,dhole,0.069795,wombat,0.068235
jungle-cat,lynx,0.514746,cougar,0.100689,wallaby,0.053017,red_fox,0.043664,ibex,0.042213
jungle-cat,hare,0.882034,fox_squirrel,0.052501,wallaby,0.024900,wood_rabbit,0.019266,mongoose,0.006523
jungle-cat,ibex,0.482202,lynx,0.248127,wallaby,0.084845,Egyptian_cat,0.016970,lion,0.014596
jungle-cat,grey_fox,0.798043,coyote,0.155064,kit_fox,0.016787,Egyptian_cat,0.007240,dhole,0.005111
jungle-cat,grey_fox,0.446663,kit_fox,0.120008,coyote,0.098179,Egyptian_cat,0.089316,lynx,0.071061
jungle-cat,hare,0.338979,wood_rabbit,0.188276,coyote,0.130874,lynx,0.122862,red_fox,0.059928
jungle-cat,Egyptian_cat,0.877515,tiger_cat,0.046009,lynx,0.042569,tabby,0.026395,grey_fox,0.001547
jungle-cat,red_wolf,0.336819,coyote,0.326836,grey_fox,0.063004,dhole,0.059764,cougar,0.053556
jungle-cat,kit_fox,0.382674,grey_fox,0.295512,coyote,0.222780,red_fox,0.053952,dhole,0.022933
jungle-cat,grey_fox,0.648680,coyote,0.112726,kit_fox,0.086129,wallaby,0.035280,ibex,0.032657
jungle-cat,hare,0.432760,wood_rabbit,0.318922,fox_squirrel,0.115695,grey_fox,0.064802,badger,0.020508
jungle-cat,lynx,0.540071,red_wolf,0.114194,tiger_cat,0.055715,coyote,0.050250,grey_fox,0.035222
jungle-cat,lynx,0.601796,coyote,0.108578,grey_fox,0.062921,dhole,0.058529,red_wolf,0.041626
jungle-cat,hare,0.427697,wallaby,0.346775,coyote,0.076893,red_fox,0.025085,lynx,0.022070
jungle-cat,grey_fox,0.650556,coyote,0.110142,kit_fox,0.100423,wallaby,0.036759,dhole,0.023021
jungle-cat,grey_fox,0.440725,wallaby,0.225860,kit_fox,0.139412,hare,0.049205,red_fox,0.031948
jungle-cat,lynx,0.829923,lion,0.031755,fox_squirrel,0.030327,wombat,0.025009,cougar,0.019529
jungle-cat,mongoose,0.469117,meerkat,0.143100,fox_squirrel,0.093847,wood_rabbit,0.059058,weasel,0.044731
jungle-cat,lynx,0.662248,grey_fox,0.191216,coyote,0.075601,kit_fox,0.027349,cheetah,0.009363
jungle-cat,grey_fox,0.473284,kit_fox,0.310849,coyote,0.109017,wallaby,0.031938,red_fox,0.016910
jungle-cat,grey_fox,0.713820,wallaby,0.090252,kit_fox,0.054314,hare,0.027830,fox_squirrel,0.026655
jungle-cat,wallaby,0.439610,ibex,0.438172,warthog,0.030285,lynx,0.028072,hog,0.009929
jungle-cat,dhole,0.324435,dingo,0.205454,grey_fox,0.165527,coyote,0.108509,red_wolf,0.070437
jungle-cat,Egyptian_cat,0.258881,tiger_cat,0.161001,tabby,0.073431,lynx,0.035714,cougar,0.034419
jungle-cat,grey_fox,0.574286,Egyptian_cat,0.143541,lynx,0.082494,coyote,0.040766,red_fox,0.037548
jungle-cat,tiger,0.177164,vizsla,0.132568,bloodhound,0.098566,redbone,0.084216,Rhodesian_ridgeback,0.049960
sand-cat,kit_fox,0.457141,lynx,0.157109,Egyptian_cat,0.136374,red_fox,0.068768,grey_fox,0.056086
sand-cat,tiger,0.230705,lynx,0.220484,gazelle,0.185865,dhole,0.103170,lion,0.048598
sand-cat,cougar,0.665452,fox_squirrel,0.107949,lynx,0.107673,grey_fox,0.030871,Madagascar_cat,0.025786
sand-cat,Egyptian_cat,0.414680,lynx,0.212284,tiger_cat,0.181712,tabby,0.082677,cougar,0.054260
sand-cat,Egyptian_cat,0.645377,tabby,0.157669,lynx,0.028346,tiger_cat,0.012503,cougar,0.010696
sand-cat,kit_fox,0.511713,red_fox,0.114238,grey_fox,0.103410,lynx,0.100439,Egyptian_cat,0.059608
sand-cat,Egyptian_cat,0.516624,Arctic_fox,0.197501,cougar,0.120999,tiger,0.026000,lion,0.024220
sand-cat,kit_fox,0.251937,lynx,0.171312,grey_fox,0.165521,red_fox,0.147987,tiger_cat,0.037263
sand-cat,lynx,0.425523,tiger_cat,0.178390,cougar,0.085543,lion,0.085262,Egyptian_cat,0.083598
sand-cat,red_wolf,0.231673,lynx,0.209484,grey_fox,0.093624,dhole,0.080933,white_wolf,0.075302
sand-cat,Egyptian_cat,0.518696,cougar,0.187901,tabby,0.068949,lynx,0.061731,Arctic_fox,0.035798
sand-cat,dhole,0.324956,grey_fox,0.220490,kit_fox,0.192703,coyote,0.068400,dingo,0.050601
sand-cat,lynx,0.596820,cougar,0.139606,grey_fox,0.097139,lion,0.029566,kit_fox,0.017834
sand-cat,lynx,0.459754,Egyptian_cat,0.261363,tiger_cat,0.109806,tabby,0.081117,grey_fox,0.013477
sand-cat,Egyptian_cat,0.240852,lynx,0.184983,grey_fox,0.175906,coyote,0.054415,timber_wolf,0.042100
sand-cat,lynx,0.472953,grey_fox,0.127441,gazelle,0.105485,kit_fox,0.082696,red_fox,0.046373
sand-cat,grey_fox,0.319026,Egyptian_cat,0.118188,lynx,0.111797,coyote,0.090943,timber_wolf,0.064044
sand-cat,Egyptian_cat,0.367527,lynx,0.268937,grey_fox,0.096435,tiger_cat,0.064717,kit_fox,0.043915
sand-cat,Egyptian_cat,0.446656,lynx,0.242406,kit_fox,0.109318,grey_fox,0.101765,tiger_cat,0.046491
sand-cat,Egyptian_cat,0.215649,grey_fox,0.152267,wallaby,0.089170,tabby,0.074252,tiger_cat,0.043123
sand-cat,grey_fox,0.187362,tabby,0.186357,Egyptian_cat,0.073484,lynx,0.071312,tiger_cat,0.059549
sand-cat,kit_fox,0.599461,grey_fox,0.269750,red_fox,0.075252,dhole,0.022012,lion,0.014845
sand-cat,Egyptian_cat,0.822945,tiger_cat,0.066688,tabby,0.049420,lynx,0.028737,cougar,0.012358
sand-cat,cougar,0.518231,lynx,0.364194,Egyptian_cat,0.021567,tiger,0.017121,red_fox,0.016477
sand-cat,kit_fox,0.518995,red_fox,0.300144,grey_fox,0.112923,lynx,0.029686,Egyptian_cat,0.013226
sand-cat,lynx,0.153394,red_fox,0.144982,dhole,0.120447,Egyptian_cat,0.069607,tiger_cat,0.063625
sand-cat,Egyptian_cat,0.384724,tiger_cat,0.170157,tabby,0.119561,lynx,0.107922,dhole,0.039981
sand-cat,cougar,0.383811,kit_fox,0.224153,lynx,0.100747,grey_fox,0.084657,red_fox,0.041714
sand-cat,Egyptian_cat,0.447807,lynx,0.187155,tiger_cat,0.161748,tabby,0.080571,cougar,0.062984
sand-cat,grey_fox,0.256067,Egyptian_cat,0.200921,kit_fox,0.137846,red_fox,0.072826,Arctic_fox,0.053302
sand-cat,lynx,0.531249,cougar,0.182248,grey_fox,0.146056,Egyptian_cat,0.032378,tiger,0.020366
sand-cat,kit_fox,0.454624,red_fox,0.373946,grey_fox,0.097139,Egyptian_cat,0.025533,Arctic_fox,0.016977
sand-cat,Arctic_fox,0.310814,Egyptian_cat,0.307040,cougar,0.111327,tiger,0.035178,grey_fox,0.029865
sand-cat,lynx,0.803527,Egyptian_cat,0.055082,tiger,0.026688,kit_fox,0.019151,grey_fox,0.016491
sand-cat,Egyptian_cat,0.252295,kit_fox,0.243160,Persian_cat,0.167443,lynx,0.157181,tabby,0.041056
sand-cat,Egyptian_cat,0.740363,lynx,0.184405,Siamese_cat,0.020328,kit_fox,0.014619,Arctic_fox,0.008221
sand-cat,kit_fox,0.329533,weasel,0.177956,grey_fox,0.121256,Egyptian_cat,0.119433,red_fox,0.113546
sand-cat,Egyptian_cat,0.375880,Arctic_fox,0.250424,cougar,0.158189,grey_fox,0.039226,tiger_cat,0.029183
sand-cat,lynx,0.434023,Egyptian_cat,0.335240,tiger_cat,0.072982,tabby,0.062099,kit_fox,0.014196
sand-cat,lynx,0.275454,red_fox,0.164147,grey_fox,0.163993,tabby,0.068491,kit_fox,0.066245
sand-cat,lynx,0.349547,Egyptian_cat,0.265269,cougar,0.064995,kit_fox,0.064106,grey_fox,0.056427
sand-cat,lynx,0.302360,red_fox,0.183417,cheetah,0.135301,kit_fox,0.097670,grey_fox,0.070774
sand-cat,cougar,0.793941,lynx,0.066598,Egyptian_cat,0.048545,grey_fox,0.026775,dhole,0.012108
sand-cat,grey_fox,0.384180,kit_fox,0.194373,dhole,0.149633,lynx,0.075795,coyote,0.040913
sand-cat,Egyptian_cat,0.394425,lynx,0.360265,tiger_cat,0.113772,tabby,0.059912,tiger,0.013512
sand-cat,coyote,0.542253,muzzle,0.074264,red_wolf,0.039434,timber_wolf,0.038194,web_site,0.031984
sand-cat,lynx,0.467931,Egyptian_cat,0.145051,tiger_cat,0.076788,tiger,0.061710,tabby,0.040692
sand-cat,lynx,0.402078,kit_fox,0.158020,grey_fox,0.109933,red_fox,0.071996,tiger,0.051108
sand-cat,lynx,0.510484,grey_fox,0.191616,cougar,0.175624,kit_fox,0.015855,wallaby,0.014611
sand-cat,Egyptian_cat,0.288564,lynx,0.098258,tiger_cat,0.088713,grey_fox,0.074702,tabby,0.055868
sand-cat,kit_fox,0.258772,white_wolf,0.216419,Arctic_fox,0.103253,dhole,0.069966,grey_fox,0.068380
sand-cat,Egyptian_cat,0.435348,lynx,0.182636,tiger_cat,0.143417,tabby,0.094973,cougar,0.059991
sand-cat,Egyptian_cat,0.427770,tabby,0.165195,tiger_cat,0.105011,lynx,0.078490,kit_fox,0.059560
sand-cat,grey_fox,0.358613,red_fox,0.256928,kit_fox,0.149954,lynx,0.115925,cougar,0.084841
sand-cat,Egyptian_cat,0.503780,tabby,0.090532,lynx,0.043994,kit_fox,0.024370,cougar,0.024082
sand-cat,lynx,0.212020,red_fox,0.163414,dhole,0.105999,grey_fox,0.099116,Egyptian_cat,0.066039
sand-cat,lynx,0.460351,Egyptian_cat,0.184111,kit_fox,0.140334,grey_fox,0.057234,red_fox,0.036802
sand-cat,Egyptian_cat,0.364544,kit_fox,0.243377,lynx,0.187452,grey_fox,0.072114,red_fox,0.043249
sand-cat,lynx,0.552586,cougar,0.367029,lion,0.023700,grey_fox,0.008755,kit_fox,0.007740
sand-cat,grey_fox,0.193212,cougar,0.192163,Egyptian_cat,0.174861,dhole,0.125042,tiger,0.078167
sand-cat,lynx,0.348268,Egyptian_cat,0.263359,kit_fox,0.046551,tiger_cat,0.035451,tabby,0.029704
sand-cat,Egyptian_cat,0.462911,lynx,0.363849,cougar,0.062702,tiger,0.022616,grey_fox,0.016688
sand-cat,Egyptian_cat,0.610290,tiger_cat,0.273799,tabby,0.081312,lynx,0.005068,grey_fox,0.004625
sand-cat,lynx,0.461529,tiger,0.164240,cougar,0.076490,dhole,0.067881,lion,0.059339
sand-cat,Egyptian_cat,0.554126,tabby,0.153431,tiger_cat,0.108492,lynx,0.051263,grey_fox,0.042202
sand-cat,dhole,0.351279,grey_fox,0.251714,kit_fox,0.142022,dingo,0.047750,coyote,0.043581
sand-cat,lynx,0.824325,Egyptian_cat,0.023549,wombat,0.018182,cougar,0.014778,horned_viper,0.010089
sand-cat,grey_fox,0.385565,lynx,0.201688,kit_fox,0.182185,Egyptian_cat,0.132810,red_fox,0.054062
sand-cat,kit_fox,0.446001,grey_fox,0.294685,red_fox,0.105574,Egyptian_cat,0.085740,tabby,0.016017
sand-cat,lynx,0.446576,Egyptian_cat,0.328342,tiger_cat,0.058624,tabby,0.036531,kit_fox,0.029726
sand-cat,tiger,0.177758,lynx,0.129293,Egyptian_cat,0.111902,cougar,0.075296,lion,0.059421
sand-cat,lynx,0.701834,cougar,0.042480,fox_squirrel,0.041588,leopard,0.037701,lion,0.027118
